Text A,Text B,Threshold,Cutoff,N-Grams,Num Matches,Text A Length,Text B Length,Locations in A,Locations in B
"/home/jon/Code/corpus-joyce-finnegans-wake-tei/finnegans-wake-tei/finnegans-wake.xml","/home/jon/Code/corpus-joyce-finnegans-wake-tei/criticism-analysis/1/ocr/journal-article-10.2307_25473839.txt","3","5","3","1","2637332","45234","[(1220539, 1220594)]","[(5567, 5622)]"
"/home/jon/Code/corpus-joyce-finnegans-wake-tei/finnegans-wake-tei/finnegans-wake.xml","/home/jon/Code/corpus-joyce-finnegans-wake-tei/criticism-analysis/1/ocr/journal-article-10.2307_3847642.txt","3","5","3","1","2637332","18179","[(1809363, 1809522)]","[(11067, 11180)]"
"/home/jon/Code/corpus-joyce-finnegans-wake-tei/finnegans-wake-tei/finnegans-wake.xml","/home/jon/Code/corpus-joyce-finnegans-wake-tei/criticism-analysis/1/ocr/journal-article-10.2307_25477812.txt","3","5","3","1","2637332","53738","[(696631, 696793)]","[(35232, 35348)]"
"/home/jon/Code/corpus-joyce-finnegans-wake-tei/finnegans-wake-tei/finnegans-wake.xml","/home/jon/Code/corpus-joyce-finnegans-wake-tei/criticism-analysis/1/ocr/journal-article-10.2307_40755287.txt","3","5","3","1","2637332","64174","[(2269376, 2269532)]","[(35419, 35529)]"
"/home/jon/Code/corpus-joyce-finnegans-wake-tei/finnegans-wake-tei/finnegans-wake.xml","/home/jon/Code/corpus-joyce-finnegans-wake-tei/criticism-analysis/1/ocr/journal-article-10.2307_40232410.txt","3","5","3","1","2637332","63223","[(2636788, 2636837)]","[(51392, 51441)]"
"/home/jon/Code/corpus-joyce-finnegans-wake-tei/finnegans-wake-tei/finnegans-wake.xml","/home/jon/Code/corpus-joyce-finnegans-wake-tei/criticism-analysis/1/ocr/journal-article-10.2307_25477866.txt","3","5","3","2","2637332","43933","[(746575, 746630), (749719, 749874)]","[(30563, 30618), (30834, 30943)]"
"/home/jon/Code/corpus-joyce-finnegans-wake-tei/finnegans-wake-tei/finnegans-wake.xml","/home/jon/Code/corpus-joyce-finnegans-wake-tei/criticism-analysis/1/ocr/journal-article-10.2307_23342806.txt","3","5","3","2","2637332","41022","[(718547, 718607), (2208428, 2208584)]","[(21646, 21706), (28893, 29003)]"
"/home/jon/Code/corpus-joyce-finnegans-wake-tei/finnegans-wake-tei/finnegans-wake.xml","/home/jon/Code/corpus-joyce-finnegans-wake-tei/criticism-analysis/2/ocr/journal-article-10.2307_26267276.txt","3","5","3","3","2637332","71150","[(924128, 924285), (996484, 996538), (996962, 997162)]","[(34984, 35095), (40807, 40861), (41064, 41181)]"
"/home/jon/Code/corpus-joyce-finnegans-wake-tei/finnegans-wake-tei/finnegans-wake.xml","/home/jon/Code/corpus-joyce-finnegans-wake-tei/criticism-analysis/2/ocr/journal-article-10.2307_25486417.txt","3","5","3","2","2637332","22755","[(1736115, 1736305), (2603907, 2604065)]","[(11454, 11644), (19628, 19740)]"
"/home/jon/Code/corpus-joyce-finnegans-wake-tei/finnegans-wake-tei/finnegans-wake.xml","/home/jon/Code/corpus-joyce-finnegans-wake-tei/criticism-analysis/2/ocr/journal-article-10.2307_25484963.txt","3","5","3","3","2637332","34683","[(747126, 747285), (747718, 747772), (747982, 748136)]","[(20538, 20651), (20864, 20918), (21000, 21108)]"
"/home/jon/Code/corpus-joyce-finnegans-wake-tei/finnegans-wake-tei/finnegans-wake.xml","/home/jon/Code/corpus-joyce-finnegans-wake-tei/criticism-analysis/2/ocr/journal-article-10.2307_30075986.txt","3","5","3","1","2637332","7708","[(341888, 342052)]","[(3517, 3636)]"
"/home/jon/Code/corpus-joyce-finnegans-wake-tei/finnegans-wake-tei/finnegans-wake.xml","/home/jon/Code/corpus-joyce-finnegans-wake-tei/criticism-analysis/2/ocr/journal-article-10.2307_25473912.txt","3","5","3","1","2637332","84209","[(267405, 267588)]","[(54491, 54592)]"
"/home/jon/Code/corpus-joyce-finnegans-wake-tei/finnegans-wake-tei/finnegans-wake.xml","/home/jon/Code/corpus-joyce-finnegans-wake-tei/criticism-analysis/2/ocr/journal-article-10.2307_26798631.txt","3","5","3","3","2637332","93902","[(878989, 879190), (879529, 879582), (2636788, 2636837)]","[(69347, 69465), (69604, 69657), (76422, 76471)]"
"/home/jon/Code/corpus-joyce-finnegans-wake-tei/finnegans-wake-tei/finnegans-wake.xml","/home/jon/Code/corpus-joyce-finnegans-wake-tei/criticism-analysis/2/ocr/journal-article-10.2307_25089215.txt","3","5","3","2","2637332","27580","[(15316, 15375), (1575411, 1575566)]","[(17258, 17317), (24172, 24281)]"
"/home/jon/Code/corpus-joyce-finnegans-wake-tei/finnegans-wake-tei/finnegans-wake.xml","/home/jon/Code/corpus-joyce-finnegans-wake-tei/criticism-analysis/2/ocr/journal-article-10.5325_complitstudies.49.1.0001.txt","3","5","3","1","2637332","57912","[(267405, 267588)]","[(22065, 22166)]"
"/home/jon/Code/corpus-joyce-finnegans-wake-tei/finnegans-wake-tei/finnegans-wake.xml","/home/jon/Code/corpus-joyce-finnegans-wake-tei/criticism-analysis/2/ocr/journal-article-10.2307_462046.txt","3","5","3","1","2637332","108028","[(1126510, 1126568)]","[(52096, 52154)]"
"/home/jon/Code/corpus-joyce-finnegans-wake-tei/finnegans-wake-tei/finnegans-wake.xml","/home/jon/Code/corpus-joyce-finnegans-wake-tei/criticism-analysis/2/ocr/journal-article-10.2307_26283623.txt","3","5","3","1","2637332","68864","[(254167, 254220)]","[(49645, 49698)]"
"/home/jon/Code/corpus-joyce-finnegans-wake-tei/finnegans-wake-tei/finnegans-wake.xml","/home/jon/Code/corpus-joyce-finnegans-wake-tei/criticism-analysis/2/ocr/journal-article-10.2307_26288742.txt","3","5","3","1","2637332","79494","[(18856, 18913)]","[(43648, 43705)]"
"/home/jon/Code/corpus-joyce-finnegans-wake-tei/finnegans-wake-tei/finnegans-wake.xml","/home/jon/Code/corpus-joyce-finnegans-wake-tei/criticism-analysis/2/ocr/journal-article-10.2307_2872465.txt","3","5","3","1","2637332","57442","[(559271, 559325)]","[(9872, 9926)]"
"/home/jon/Code/corpus-joyce-finnegans-wake-tei/finnegans-wake-tei/finnegans-wake.xml","/home/jon/Code/corpus-joyce-finnegans-wake-tei/criticism-analysis/2/ocr/journal-article-10.2307_26283686.txt","3","5","3","1","2637332","57087","[(25887, 25937)]","[(17288, 17338)]"
"/home/jon/Code/corpus-joyce-finnegans-wake-tei/finnegans-wake-tei/finnegans-wake.xml","/home/jon/Code/corpus-joyce-finnegans-wake-tei/criticism-analysis/2/ocr/journal-article-10.2307_25473699.txt","3","5","3","1","2637332","47051","[(1241444, 1241491)]","[(34625, 34673)]"
"/home/jon/Code/corpus-joyce-finnegans-wake-tei/finnegans-wake-tei/finnegans-wake.xml","/home/jon/Code/corpus-joyce-finnegans-wake-tei/criticism-analysis/2/ocr/journal-article-10.2307_25486603.txt","3","5","3","2","2637332","40317","[(756385, 756439), (756723, 756769)]","[(29616, 29671), (30995, 31041)]"
"/home/jon/Code/corpus-joyce-finnegans-wake-tei/finnegans-wake-tei/finnegans-wake.xml","/home/jon/Code/corpus-joyce-finnegans-wake-tei/criticism-analysis/2/ocr/journal-article-10.2307_25486973.txt","3","5","3","1","2637332","18226","[(112638, 112796)]","[(14284, 14397)]"
"/home/jon/Code/corpus-joyce-finnegans-wake-tei/finnegans-wake-tei/finnegans-wake.xml","/home/jon/Code/corpus-joyce-finnegans-wake-tei/criticism-analysis/2/ocr/journal-article-10.2307_44871092.txt","3","5","3","4","2637332","43974","[(754934, 755195), (755820, 756048), (756207, 756439), (756723, 756775)]","[(28734, 28848), (29070, 29187), (29198, 29319), (29400, 29452)]"
"/home/jon/Code/corpus-joyce-finnegans-wake-tei/finnegans-wake-tei/finnegans-wake.xml","/home/jon/Code/corpus-joyce-finnegans-wake-tei/criticism-analysis/2/ocr/journal-article-10.2307_26283685.txt","3","5","3","1","2637332","117569","[(603620, 603673)]","[(76508, 76561)]"
"/home/jon/Code/corpus-joyce-finnegans-wake-tei/finnegans-wake-tei/finnegans-wake.xml","/home/jon/Code/corpus-joyce-finnegans-wake-tei/criticism-analysis/2/ocr/journal-article-10.2307_25478101.txt","3","5","3","2","2637332","64802","[(45941, 45991), (1646895, 1646935)]","[(3557, 3607), (26426, 26466)]"
"/home/jon/Code/corpus-joyce-finnegans-wake-tei/finnegans-wake-tei/finnegans-wake.xml","/home/jon/Code/corpus-joyce-finnegans-wake-tei/criticism-analysis/2/ocr/journal-article-10.2307_26439553.txt","3","5","3","1","2637332","29370","[(1050955, 1051131)]","[(16795, 16918)]"
"/home/jon/Code/corpus-joyce-finnegans-wake-tei/finnegans-wake-tei/finnegans-wake.xml","/home/jon/Code/corpus-joyce-finnegans-wake-tei/criticism-analysis/2/ocr/journal-article-10.2307_1209123.txt","3","5","3","2","2637332","55326","[(822771, 822824), (823312, 823463)]","[(16248, 16301), (16559, 16664)]"
"/home/jon/Code/corpus-joyce-finnegans-wake-tei/finnegans-wake-tei/finnegans-wake.xml","/home/jon/Code/corpus-joyce-finnegans-wake-tei/criticism-analysis/2/ocr/journal-article-10.2307_26277079.txt","3","5","3","1","2637332","24610","[(1187869, 1187998)]","[(16573, 16653)]"
"/home/jon/Code/corpus-joyce-finnegans-wake-tei/finnegans-wake-tei/finnegans-wake.xml","/home/jon/Code/corpus-joyce-finnegans-wake-tei/criticism-analysis/2/ocr/journal-article-10.2307_25477892.txt","3","5","3","3","2637332","41211","[(96559, 96608), (582324, 582374), (1809355, 1809522)]","[(4724, 4773), (19369, 19419), (29218, 29339)]"
"/home/jon/Code/corpus-joyce-finnegans-wake-tei/finnegans-wake-tei/finnegans-wake.xml","/home/jon/Code/corpus-joyce-finnegans-wake-tei/criticism-analysis/2/ocr/journal-article-10.2307_25476464.txt","3","5","3","1","2637332","25093","[(1809355, 1809522)]","[(9960, 10081)]"
"/home/jon/Code/corpus-joyce-finnegans-wake-tei/finnegans-wake-tei/finnegans-wake.xml","/home/jon/Code/corpus-joyce-finnegans-wake-tei/criticism-analysis/2/ocr/journal-article-10.2307_25476354.txt","3","5","3","2","2637332","29370","[(878877, 879040), (879140, 879358)]","[(14667, 14784), (14801, 14910)]"
"/home/jon/Code/corpus-joyce-finnegans-wake-tei/finnegans-wake-tei/finnegans-wake.xml","/home/jon/Code/corpus-joyce-finnegans-wake-tei/criticism-analysis/2/ocr/journal-article-10.2307_30076371.txt","3","5","3","1","2637332","15708","[(116568, 116794)]","[(15385, 15504)]"
"/home/jon/Code/corpus-joyce-finnegans-wake-tei/finnegans-wake-tei/finnegans-wake.xml","/home/jon/Code/corpus-joyce-finnegans-wake-tei/criticism-analysis/2/ocr/journal-article-10.2307_26434196.txt","3","5","3","1","2637332","36140","[(56995, 57152)]","[(6418, 6530)]"
"/home/jon/Code/corpus-joyce-finnegans-wake-tei/finnegans-wake-tei/finnegans-wake.xml","/home/jon/Code/corpus-joyce-finnegans-wake-tei/criticism-analysis/2/ocr/journal-article-10.2307_25571080.txt","3","5","3","1","2637332","50474","[(1753456, 1753614)]","[(2474, 2586)]"
"/home/jon/Code/corpus-joyce-finnegans-wake-tei/finnegans-wake-tei/finnegans-wake.xml","/home/jon/Code/corpus-joyce-finnegans-wake-tei/criticism-analysis/2/ocr/journal-article-10.2307_23342954.txt","3","5","3","1","2637332","59926","[(696631, 696793)]","[(25789, 25905)]"
"/home/jon/Code/corpus-joyce-finnegans-wake-tei/finnegans-wake-tei/finnegans-wake.xml","/home/jon/Code/corpus-joyce-finnegans-wake-tei/criticism-analysis/2/ocr/journal-article-10.2307_25477893.txt","3","5","3","2","2637332","61181","[(467994, 468052), (1166769, 1166951)]","[(9832, 9890), (17136, 17265)]"
"/home/jon/Code/corpus-joyce-finnegans-wake-tei/finnegans-wake-tei/finnegans-wake.xml","/home/jon/Code/corpus-joyce-finnegans-wake-tei/criticism-analysis/2/ocr/journal-article-10.2307_44871373.txt","3","5","3","3","2637332","31174","[(503181, 503321), (893903, 893956), (933717, 933765)]","[(3869, 3964), (19813, 19866), (25518, 25566)]"
"/home/jon/Code/corpus-joyce-finnegans-wake-tei/finnegans-wake-tei/finnegans-wake.xml","/home/jon/Code/corpus-joyce-finnegans-wake-tei/criticism-analysis/2/ocr/journal-article-10.2307_25571022.txt","3","5","3","1","2637332","61026","[(713709, 713761)]","[(34771, 34823)]"
"/home/jon/Code/corpus-joyce-finnegans-wake-tei/finnegans-wake-tei/finnegans-wake.xml","/home/jon/Code/corpus-joyce-finnegans-wake-tei/criticism-analysis/2/ocr/journal-article-10.2307_25473949.txt","3","5","3","1","2637332","59465","[(2582055, 2582107)]","[(17037, 17089)]"
"/home/jon/Code/corpus-joyce-finnegans-wake-tei/finnegans-wake-tei/finnegans-wake.xml","/home/jon/Code/corpus-joyce-finnegans-wake-tei/criticism-analysis/2/ocr/journal-article-10.2307_26283004.txt","3","5","3","2","2637332","84970","[(583050, 583097), (643453, 643501)]","[(27441, 27488), (48613, 48661)]"
"/home/jon/Code/corpus-joyce-finnegans-wake-tei/finnegans-wake-tei/finnegans-wake.xml","/home/jon/Code/corpus-joyce-finnegans-wake-tei/criticism-analysis/2/ocr/journal-article-10.2307_43492425.txt","3","5","3","4","2637332","48624","[(800792, 800952), (878626, 878783), (878877, 879040), (879140, 879358)]","[(20378, 20492), (39581, 39692), (39703, 39820), (39838, 39947)]"
"/home/jon/Code/corpus-joyce-finnegans-wake-tei/finnegans-wake-tei/finnegans-wake.xml","/home/jon/Code/corpus-joyce-finnegans-wake-tei/criticism-analysis/2/ocr/journal-article-10.2307_44870951.txt","3","5","3","2","2637332","58493","[(1471318, 1471364), (2582055, 2582107)]","[(7532, 7578), (21570, 21622)]"
"/home/jon/Code/corpus-joyce-finnegans-wake-tei/finnegans-wake-tei/finnegans-wake.xml","/home/jon/Code/corpus-joyce-finnegans-wake-tei/criticism-analysis/2/ocr/journal-article-10.2307_26635271.txt","3","5","3","3","2637332","43008","[(1359496, 1359551), (1362423, 1362466), (1394210, 1394258)]","[(20055, 20110), (25178, 25221), (32950, 32998)]"
"/home/jon/Code/corpus-joyce-finnegans-wake-tei/finnegans-wake-tei/finnegans-wake.xml","/home/jon/Code/corpus-joyce-finnegans-wake-tei/criticism-analysis/2/ocr/journal-article-10.2307_25485100.txt","3","5","3","1","2637332","5314","[(116849, 116899)]","[(1512, 1562)]"
"/home/jon/Code/corpus-joyce-finnegans-wake-tei/finnegans-wake-tei/finnegans-wake.xml","/home/jon/Code/corpus-joyce-finnegans-wake-tei/criticism-analysis/2/ocr/journal-article-10.2307_25474090.txt","3","5","3","1","2637332","44501","[(875449, 875485)]","[(30484, 30520)]"
"/home/jon/Code/corpus-joyce-finnegans-wake-tei/finnegans-wake-tei/finnegans-wake.xml","/home/jon/Code/corpus-joyce-finnegans-wake-tei/criticism-analysis/2/ocr/journal-article-10.2307_25487023.txt","3","5","3","1","2637332","36205","[(759819, 759972)]","[(29808, 29915)]"
"/home/jon/Code/corpus-joyce-finnegans-wake-tei/finnegans-wake-tei/finnegans-wake.xml","/home/jon/Code/corpus-joyce-finnegans-wake-tei/criticism-analysis/2/ocr/journal-article-10.2307_27795925.txt","3","5","3","1","2637332","19114","[(7648, 7709)]","[(3869, 3930)]"
"/home/jon/Code/corpus-joyce-finnegans-wake-tei/finnegans-wake-tei/finnegans-wake.xml","/home/jon/Code/corpus-joyce-finnegans-wake-tei/criticism-analysis/2/ocr/journal-article-10.2307_30076364.txt","3","5","3","2","2637332","7478","[(8952, 9137), (9306, 9466)]","[(653, 757), (838, 954)]"
"/home/jon/Code/corpus-joyce-finnegans-wake-tei/finnegans-wake-tei/finnegans-wake.xml","/home/jon/Code/corpus-joyce-finnegans-wake-tei/criticism-analysis/2/ocr/journal-article-10.2307_25476968.txt","3","5","3","2","2637332","42092","[(878161, 878212), (1733874, 1734156)]","[(18546, 18597), (24451, 24622)]"
"/home/jon/Code/corpus-joyce-finnegans-wake-tei/finnegans-wake-tei/finnegans-wake.xml","/home/jon/Code/corpus-joyce-finnegans-wake-tei/criticism-analysis/2/ocr/journal-article-10.2307_25477800.txt","3","5","3","1","2637332","4308","[(56995, 57152)]","[(2270, 2382)]"
"/home/jon/Code/corpus-joyce-finnegans-wake-tei/finnegans-wake-tei/finnegans-wake.xml","/home/jon/Code/corpus-joyce-finnegans-wake-tei/criticism-analysis/2/ocr/journal-article-10.2307_26288743.txt","3","5","3","1","2637332","68113","[(582324, 582374)]","[(30090, 30141)]"
"/home/jon/Code/corpus-joyce-finnegans-wake-tei/finnegans-wake-tei/finnegans-wake.xml","/home/jon/Code/corpus-joyce-finnegans-wake-tei/criticism-analysis/2/ocr/journal-article-10.2307_25485091.txt","3","5","3","2","2637332","37372","[(2192173, 2192222), (2192615, 2192661)]","[(13844, 13893), (14102, 14148)]"
"/home/jon/Code/corpus-joyce-finnegans-wake-tei/finnegans-wake-tei/finnegans-wake.xml","/home/jon/Code/corpus-joyce-finnegans-wake-tei/criticism-analysis/2/ocr/journal-article-10.2307_25485421.txt","3","5","3","1","2637332","18980","[(371006, 371047)]","[(5970, 6011)]"
"/home/jon/Code/corpus-joyce-finnegans-wake-tei/finnegans-wake-tei/finnegans-wake.xml","/home/jon/Code/corpus-joyce-finnegans-wake-tei/criticism-analysis/2/ocr/journal-article-10.2307_26333469.txt","3","5","3","1","2637332","66842","[(2636788, 2636837)]","[(58182, 58231)]"
"/home/jon/Code/corpus-joyce-finnegans-wake-tei/finnegans-wake-tei/finnegans-wake.xml","/home/jon/Code/corpus-joyce-finnegans-wake-tei/criticism-analysis/2/ocr/journal-article-10.2307_2873105.txt","3","5","3","1","2637332","56671","[(2169377, 2169543)]","[(27944, 28064)]"
"/home/jon/Code/corpus-joyce-finnegans-wake-tei/finnegans-wake-tei/finnegans-wake.xml","/home/jon/Code/corpus-joyce-finnegans-wake-tei/criticism-analysis/2/ocr/journal-article-10.2307_30225332.txt","3","5","3","2","2637332","36037","[(66321, 66374), (749719, 749874)]","[(14010, 14063), (19594, 19703)]"
"/home/jon/Code/corpus-joyce-finnegans-wake-tei/finnegans-wake-tei/finnegans-wake.xml","/home/jon/Code/corpus-joyce-finnegans-wake-tei/criticism-analysis/2/ocr/journal-article-10.2307_44870950.txt","3","5","3","2","2637332","44649","[(2364393, 2364443), (2471585, 2471732)]","[(35790, 35840), (44496, 44597)]"
"/home/jon/Code/corpus-joyce-finnegans-wake-tei/finnegans-wake-tei/finnegans-wake.xml","/home/jon/Code/corpus-joyce-finnegans-wake-tei/criticism-analysis/2/ocr/journal-article-10.2307_25487052.txt","3","5","3","1","2637332","10819","[(2636788, 2636837)]","[(6368, 6420)]"
"/home/jon/Code/corpus-joyce-finnegans-wake-tei/finnegans-wake-tei/finnegans-wake.xml","/home/jon/Code/corpus-joyce-finnegans-wake-tei/criticism-analysis/2/ocr/journal-article-10.2307_26279199.txt","3","5","3","4","2637332","64377","[(27612, 27657), (373268, 373428), (448309, 448469), (1809355, 1809522)]","[(45249, 45294), (49292, 49407), (50388, 50502), (58441, 58562)]"
"/home/jon/Code/corpus-joyce-finnegans-wake-tei/finnegans-wake-tei/finnegans-wake.xml","/home/jon/Code/corpus-joyce-finnegans-wake-tei/criticism-analysis/2/ocr/journal-article-10.2307_374667.txt","3","5","3","1","2637332","39117","[(56995, 57152)]","[(12610, 12722)]"
"/home/jon/Code/corpus-joyce-finnegans-wake-tei/finnegans-wake-tei/finnegans-wake.xml","/home/jon/Code/corpus-joyce-finnegans-wake-tei/criticism-analysis/2/ocr/journal-article-10.2307_26285218.txt","3","5","3","1","2637332","75253","[(2128141, 2128279)]","[(67860, 67952)]"
"/home/jon/Code/corpus-joyce-finnegans-wake-tei/finnegans-wake-tei/finnegans-wake.xml","/home/jon/Code/corpus-joyce-finnegans-wake-tei/criticism-analysis/2/ocr/journal-article-10.2307_3847912.txt","3","5","3","1","2637332","33224","[(2609752, 2609968)]","[(30176, 30309)]"
"/home/jon/Code/corpus-joyce-finnegans-wake-tei/finnegans-wake-tei/finnegans-wake.xml","/home/jon/Code/corpus-joyce-finnegans-wake-tei/criticism-analysis/2/ocr/journal-article-10.2307_3831742.txt","3","5","3","1","2637332","41051","[(2405699, 2405861)]","[(27446, 27562)]"
"/home/jon/Code/corpus-joyce-finnegans-wake-tei/finnegans-wake-tei/finnegans-wake.xml","/home/jon/Code/corpus-joyce-finnegans-wake-tei/criticism-analysis/2/ocr/journal-article-10.2307_24598791.txt","3","5","3","2","2637332","59287","[(7648, 7702), (85466, 85627)]","[(28436, 28490), (35517, 35633)]"
"/home/jon/Code/corpus-joyce-finnegans-wake-tei/finnegans-wake-tei/finnegans-wake.xml","/home/jon/Code/corpus-joyce-finnegans-wake-tei/criticism-analysis/2/ocr/journal-article-10.2307_25512487.txt","3","5","3","1","2637332","28864","[(2582055, 2582107)]","[(10044, 10096)]"
"/home/jon/Code/corpus-joyce-finnegans-wake-tei/finnegans-wake-tei/finnegans-wake.xml","/home/jon/Code/corpus-joyce-finnegans-wake-tei/criticism-analysis/2/ocr/journal-article-10.2307_26285217.txt","3","5","3","1","2637332","88581","[(1602733, 1602790)]","[(38441, 38498)]"
"/home/jon/Code/corpus-joyce-finnegans-wake-tei/finnegans-wake-tei/finnegans-wake.xml","/home/jon/Code/corpus-joyce-finnegans-wake-tei/criticism-analysis/2/ocr/journal-article-10.2307_24458563.txt","3","5","3","1","2637332","66468","[(2636788, 2636837)]","[(48773, 48822)]"
"/home/jon/Code/corpus-joyce-finnegans-wake-tei/finnegans-wake-tei/finnegans-wake.xml","/home/jon/Code/corpus-joyce-finnegans-wake-tei/criticism-analysis/2/ocr/journal-article-10.2307_26283675.txt","3","5","3","1","2637332","51291","[(1929273, 1929329)]","[(4427, 4483)]"
"/home/jon/Code/corpus-joyce-finnegans-wake-tei/finnegans-wake-tei/finnegans-wake.xml","/home/jon/Code/corpus-joyce-finnegans-wake-tei/criticism-analysis/2/ocr/journal-article-10.2307_30032068.txt","3","5","3","4","2637332","55800","[(1165897, 1165969), (1166769, 1166951), (1168477, 1168662), (1168860, 1168920)]","[(26635, 26707), (34246, 34375), (38143, 38275), (40657, 40717)]"
"/home/jon/Code/corpus-joyce-finnegans-wake-tei/finnegans-wake-tei/finnegans-wake.xml","/home/jon/Code/corpus-joyce-finnegans-wake-tei/criticism-analysis/2/ocr/journal-article-10.2307_26285215.txt","3","5","3","3","2637332","95021","[(373268, 373428), (878877, 879040), (879140, 879358)]","[(23010, 23128), (81359, 81476), (81493, 81602)]"
"/home/jon/Code/corpus-joyce-finnegans-wake-tei/finnegans-wake-tei/finnegans-wake.xml","/home/jon/Code/corpus-joyce-finnegans-wake-tei/criticism-analysis/2/ocr/journal-article-10.2307_44871046.txt","3","5","3","2","2637332","74735","[(1732782, 1732836), (1998184, 1998234)]","[(5237, 5291), (68482, 68532)]"
"/home/jon/Code/corpus-joyce-finnegans-wake-tei/finnegans-wake-tei/finnegans-wake.xml","/home/jon/Code/corpus-joyce-finnegans-wake-tei/criticism-analysis/2/ocr/journal-article-10.2307_25485243.txt","3","5","3","2","2637332","72175","[(2609752, 2609818), (2618332, 2618379)]","[(19205, 19271), (28309, 28356)]"
"/home/jon/Code/corpus-joyce-finnegans-wake-tei/finnegans-wake-tei/finnegans-wake.xml","/home/jon/Code/corpus-joyce-finnegans-wake-tei/criticism-analysis/2/ocr/journal-article-10.2307_27820964.txt","3","5","3","1","2637332","9954","[(1649402, 1649562)]","[(1741, 1855)]"
"/home/jon/Code/corpus-joyce-finnegans-wake-tei/finnegans-wake-tei/finnegans-wake.xml","/home/jon/Code/corpus-joyce-finnegans-wake-tei/criticism-analysis/2/ocr/journal-article-10.2307_1345489.txt","3","5","3","1","2637332","45244","[(1724381, 1724549)]","[(29938, 30060)]"
"/home/jon/Code/corpus-joyce-finnegans-wake-tei/finnegans-wake-tei/finnegans-wake.xml","/home/jon/Code/corpus-joyce-finnegans-wake-tei/criticism-analysis/2/ocr/journal-article-10.2307_461804.txt","3","5","3","1","2637332","68969","[(1159144, 1159268)]","[(22245, 22320)]"
"/home/jon/Code/corpus-joyce-finnegans-wake-tei/finnegans-wake-tei/finnegans-wake.xml","/home/jon/Code/corpus-joyce-finnegans-wake-tei/criticism-analysis/2/ocr/journal-article-10.2307_30224552.txt","3","5","3","6","2637332","102448","[(700398, 700448), (749719, 749874), (1860709, 1860762), (1861796, 1861942), (1862362, 1862522), (1862580, 1862734)]","[(56629, 56679), (57637, 57746), (76130, 76183), (76647, 76747), (76946, 77060), (77072, 77180)]"
"/home/jon/Code/corpus-joyce-finnegans-wake-tei/finnegans-wake-tei/finnegans-wake.xml","/home/jon/Code/corpus-joyce-finnegans-wake-tei/criticism-analysis/2/ocr/journal-article-10.2307_30053270.txt","3","5","3","1","2637332","76516","[(540535, 540579)]","[(20414, 20458)]"
"/home/jon/Code/corpus-joyce-finnegans-wake-tei/finnegans-wake-tei/finnegans-wake.xml","/home/jon/Code/corpus-joyce-finnegans-wake-tei/criticism-analysis/2/ocr/journal-article-10.2307_1207825.txt","3","5","3","2","2637332","78719","[(7648, 7709), (2098067, 2098122)]","[(11466, 11527), (48096, 48151)]"
"/home/jon/Code/corpus-joyce-finnegans-wake-tei/finnegans-wake-tei/finnegans-wake.xml","/home/jon/Code/corpus-joyce-finnegans-wake-tei/criticism-analysis/2/ocr/journal-article-10.2307_3831140.txt","3","5","3","1","2637332","79744","[(515195, 515245)]","[(49299, 49349)]"
"/home/jon/Code/corpus-joyce-finnegans-wake-tei/finnegans-wake-tei/finnegans-wake.xml","/home/jon/Code/corpus-joyce-finnegans-wake-tei/criticism-analysis/2/ocr/journal-article-10.2307_25486805.txt","3","5","3","1","2637332","17727","[(699015, 699071)]","[(11063, 11119)]"
"/home/jon/Code/corpus-joyce-finnegans-wake-tei/finnegans-wake-tei/finnegans-wake.xml","/home/jon/Code/corpus-joyce-finnegans-wake-tei/criticism-analysis/2/ocr/journal-article-10.2307_1770312.txt","3","5","3","1","2637332","67050","[(1409012, 1409068)]","[(53532, 53588)]"
"/home/jon/Code/corpus-joyce-finnegans-wake-tei/finnegans-wake-tei/finnegans-wake.xml","/home/jon/Code/corpus-joyce-finnegans-wake-tei/criticism-analysis/2/ocr/journal-article-10.2307_40246890.txt","3","5","3","1","2637332","69922","[(2366250, 2366421)]","[(33006, 33131)]"
"/home/jon/Code/corpus-joyce-finnegans-wake-tei/finnegans-wake-tei/finnegans-wake.xml","/home/jon/Code/corpus-joyce-finnegans-wake-tei/criticism-analysis/2/ocr/journal-article-10.2307_30244357.txt","3","5","3","1","2637332","51556","[(1809355, 1809522)]","[(16135, 16259)]"
"/home/jon/Code/corpus-joyce-finnegans-wake-tei/finnegans-wake-tei/finnegans-wake.xml","/home/jon/Code/corpus-joyce-finnegans-wake-tei/criticism-analysis/2/ocr/journal-article-10.2307_25485118.txt","3","5","3","1","2637332","61385","[(2636797, 2636837)]","[(38956, 38996)]"
"/home/jon/Code/corpus-joyce-finnegans-wake-tei/finnegans-wake-tei/finnegans-wake.xml","/home/jon/Code/corpus-joyce-finnegans-wake-tei/criticism-analysis/2/ocr/journal-article-10.2307_25486679.txt","3","5","3","1","2637332","18287","[(372845, 372994)]","[(1164, 1268)]"
"/home/jon/Code/corpus-joyce-finnegans-wake-tei/finnegans-wake-tei/finnegans-wake.xml","/home/jon/Code/corpus-joyce-finnegans-wake-tei/criticism-analysis/2/ocr/journal-article-10.2307_25487149.txt","3","5","3","1","2637332","57507","[(585821, 585870)]","[(23833, 23882)]"
"/home/jon/Code/corpus-joyce-finnegans-wake-tei/finnegans-wake-tei/finnegans-wake.xml","/home/jon/Code/corpus-joyce-finnegans-wake-tei/criticism-analysis/2/ocr/journal-article-10.2307_41389793.txt","3","5","3","1","2637332","134288","[(2636788, 2636837)]","[(4594, 4642)]"
"/home/jon/Code/corpus-joyce-finnegans-wake-tei/finnegans-wake-tei/finnegans-wake.xml","/home/jon/Code/corpus-joyce-finnegans-wake-tei/criticism-analysis/2/ocr/journal-article-10.2307_25484842.txt","3","5","3","1","2637332","57646","[(2609752, 2609818)]","[(42208, 42274)]"
"/home/jon/Code/corpus-joyce-finnegans-wake-tei/finnegans-wake-tei/finnegans-wake.xml","/home/jon/Code/corpus-joyce-finnegans-wake-tei/criticism-analysis/2/ocr/journal-article-10.2307_25474091.txt","3","5","3","1","2637332","55535","[(38376, 38425)]","[(30175, 30224)]"
"/home/jon/Code/corpus-joyce-finnegans-wake-tei/finnegans-wake-tei/finnegans-wake.xml","/home/jon/Code/corpus-joyce-finnegans-wake-tei/criticism-analysis/2/ocr/journal-article-10.2307_26634579.txt","3","5","3","2","2637332","19889","[(2635582, 2635624), (2636788, 2636837)]","[(18433, 18475), (19133, 19182)]"
"/home/jon/Code/corpus-joyce-finnegans-wake-tei/finnegans-wake-tei/finnegans-wake.xml","/home/jon/Code/corpus-joyce-finnegans-wake-tei/criticism-analysis/2/ocr/journal-article-10.2307_26288806.txt","3","5","3","2","2637332","55857","[(2269376, 2269532), (2269705, 2269855)]","[(39172, 39281), (39362, 39466)]"
"/home/jon/Code/corpus-joyce-finnegans-wake-tei/finnegans-wake-tei/finnegans-wake.xml","/home/jon/Code/corpus-joyce-finnegans-wake-tei/criticism-analysis/2/ocr/journal-article-10.2307_26283641.txt","3","5","3","1","2637332","59720","[(582324, 582374)]","[(51006, 51056)]"
"/home/jon/Code/corpus-joyce-finnegans-wake-tei/finnegans-wake-tei/finnegans-wake.xml","/home/jon/Code/corpus-joyce-finnegans-wake-tei/criticism-analysis/2/ocr/journal-article-10.2307_44873794.txt","3","5","3","2","2637332","58756","[(87319, 87373), (1809355, 1809522)]","[(10529, 10583), (39981, 40102)]"
"/home/jon/Code/corpus-joyce-finnegans-wake-tei/finnegans-wake-tei/finnegans-wake.xml","/home/jon/Code/corpus-joyce-finnegans-wake-tei/criticism-analysis/2/ocr/journal-article-10.2307_44870953.txt","3","5","3","2","2637332","30691","[(1760470, 1760509), (2235697, 2235846)]","[(11753, 11792), (21800, 21903)]"
"/home/jon/Code/corpus-joyce-finnegans-wake-tei/finnegans-wake-tei/finnegans-wake.xml","/home/jon/Code/corpus-joyce-finnegans-wake-tei/criticism-analysis/2/ocr/journal-article-10.2307_26278685.txt","3","5","3","3","2637332","43826","[(1041015, 1041068), (1948781, 1948826), (1949457, 1949619)]","[(23319, 23372), (36450, 36495), (36869, 36989)]"
"/home/jon/Code/corpus-joyce-finnegans-wake-tei/finnegans-wake-tei/finnegans-wake.xml","/home/jon/Code/corpus-joyce-finnegans-wake-tei/criticism-analysis/2/ocr/journal-article-10.2307_24598695.txt","3","5","3","1","2637332","49718","[(2099151, 2099198)]","[(12311, 12358)]"
"/home/jon/Code/corpus-joyce-finnegans-wake-tei/finnegans-wake-tei/finnegans-wake.xml","/home/jon/Code/corpus-joyce-finnegans-wake-tei/criticism-analysis/2/ocr/journal-article-10.2307_26283640.txt","3","5","3","1","2637332","70024","[(582324, 582374)]","[(50455, 50505)]"
"/home/jon/Code/corpus-joyce-finnegans-wake-tei/finnegans-wake-tei/finnegans-wake.xml","/home/jon/Code/corpus-joyce-finnegans-wake-tei/criticism-analysis/2/ocr/journal-article-10.2307_44871392.txt","3","5","3","1","2637332","33969","[(2636788, 2636837)]","[(1412, 1461)]"
"/home/jon/Code/corpus-joyce-finnegans-wake-tei/finnegans-wake-tei/finnegans-wake.xml","/home/jon/Code/corpus-joyce-finnegans-wake-tei/criticism-analysis/3/ocr/journal-article-10.2307_29748749.txt","3","5","3","2","2637332","14285","[(878877, 879040), (879140, 879358)]","[(1062, 1180), (1198, 1307)]"
"/home/jon/Code/corpus-joyce-finnegans-wake-tei/finnegans-wake-tei/finnegans-wake.xml","/home/jon/Code/corpus-joyce-finnegans-wake-tei/criticism-analysis/3/ocr/journal-article-10.2307_40899986.txt","3","5","3","2","2637332","41110","[(1176939, 1177129), (1177707, 1177913)]","[(26388, 26459), (26568, 26654)]"
"/home/jon/Code/corpus-joyce-finnegans-wake-tei/finnegans-wake-tei/finnegans-wake.xml","/home/jon/Code/corpus-joyce-finnegans-wake-tei/criticism-analysis/3/ocr/journal-article-10.2307_27820944.txt","3","5","3","1","2637332","13679","[(1809355, 1809522)]","[(9219, 9340)]"
"/home/jon/Code/corpus-joyce-finnegans-wake-tei/finnegans-wake-tei/finnegans-wake.xml","/home/jon/Code/corpus-joyce-finnegans-wake-tei/criticism-analysis/3/ocr/journal-article-10.2307_44871388.txt","3","5","3","1","2637332","40722","[(583050, 583097)]","[(10953, 11000)]"
"/home/jon/Code/corpus-joyce-finnegans-wake-tei/finnegans-wake-tei/finnegans-wake.xml","/home/jon/Code/corpus-joyce-finnegans-wake-tei/criticism-analysis/3/ocr/journal-article-10.2307_44871047.txt","3","5","3","1","2637332","58016","[(2583079, 2583124)]","[(43727, 43772)]"
"/home/jon/Code/corpus-joyce-finnegans-wake-tei/finnegans-wake-tei/finnegans-wake.xml","/home/jon/Code/corpus-joyce-finnegans-wake-tei/criticism-analysis/3/ocr/journal-article-10.2307_44162853.txt","3","5","3","1","2637332","56718","[(1165897, 1165969)]","[(37839, 37911)]"
"/home/jon/Code/corpus-joyce-finnegans-wake-tei/finnegans-wake-tei/finnegans-wake.xml","/home/jon/Code/corpus-joyce-finnegans-wake-tei/criticism-analysis/3/ocr/journal-article-10.2307_26288830.txt","3","5","3","2","2637332","19742","[(2618332, 2618379), (2619147, 2619302)]","[(965, 1012), (1352, 1461)]"
"/home/jon/Code/corpus-joyce-finnegans-wake-tei/finnegans-wake-tei/finnegans-wake.xml","/home/jon/Code/corpus-joyce-finnegans-wake-tei/criticism-analysis/3/ocr/journal-article-10.2307_43041333.txt","3","5","3","1","2637332","22520","[(688867, 688921)]","[(6294, 6348)]"
"/home/jon/Code/corpus-joyce-finnegans-wake-tei/finnegans-wake-tei/finnegans-wake.xml","/home/jon/Code/corpus-joyce-finnegans-wake-tei/criticism-analysis/3/ocr/journal-article-10.2307_27820959.txt","3","5","3","3","2637332","58671","[(746575, 746630), (747126, 747285), (747349, 747511)]","[(8935, 8990), (9256, 9369), (9387, 9503)]"
"/home/jon/Code/corpus-joyce-finnegans-wake-tei/finnegans-wake-tei/finnegans-wake.xml","/home/jon/Code/corpus-joyce-finnegans-wake-tei/criticism-analysis/3/ocr/journal-article-10.2307_26283672.txt","3","5","3","1","2637332","52334","[(49317, 49366)]","[(31232, 31281)]"
"/home/jon/Code/corpus-joyce-finnegans-wake-tei/finnegans-wake-tei/finnegans-wake.xml","/home/jon/Code/corpus-joyce-finnegans-wake-tei/criticism-analysis/3/ocr/journal-article-10.2307_462579.txt","3","5","3","2","2637332","57514","[(15316, 15375), (173167, 173321)]","[(23695, 23754), (37042, 37151)]"
"/home/jon/Code/corpus-joyce-finnegans-wake-tei/finnegans-wake-tei/finnegans-wake.xml","/home/jon/Code/corpus-joyce-finnegans-wake-tei/criticism-analysis/3/ocr/journal-article-10.2307_4333899.txt","3","5","3","2","2637332","46390","[(2635582, 2635624), (2636788, 2636837)]","[(43043, 43085), (43746, 43795)]"
"/home/jon/Code/corpus-joyce-finnegans-wake-tei/finnegans-wake-tei/finnegans-wake.xml","/home/jon/Code/corpus-joyce-finnegans-wake-tei/criticism-analysis/3/ocr/journal-article-10.2307_24598593.txt","3","5","3","1","2637332","12654","[(2636788, 2636837)]","[(10944, 10993)]"
"/home/jon/Code/corpus-joyce-finnegans-wake-tei/finnegans-wake-tei/finnegans-wake.xml","/home/jon/Code/corpus-joyce-finnegans-wake-tei/criticism-analysis/3/ocr/journal-article-10.2307_3831497.txt","3","5","3","1","2637332","36440","[(2106172, 2106331)]","[(24379, 24492)]"
"/home/jon/Code/corpus-joyce-finnegans-wake-tei/finnegans-wake-tei/finnegans-wake.xml","/home/jon/Code/corpus-joyce-finnegans-wake-tei/criticism-analysis/3/ocr/journal-article-10.2307_44871044.txt","3","5","3","2","2637332","54794","[(2269376, 2269532), (2269705, 2269855)]","[(42307, 42416), (42497, 42601)]"
"/home/jon/Code/corpus-joyce-finnegans-wake-tei/finnegans-wake-tei/finnegans-wake.xml","/home/jon/Code/corpus-joyce-finnegans-wake-tei/criticism-analysis/3/ocr/journal-article-10.2307_3684184.txt","3","5","3","2","2637332","32853","[(2635582, 2635624), (2636788, 2636837)]","[(26903, 26945), (27602, 27651)]"
"/home/jon/Code/corpus-joyce-finnegans-wake-tei/finnegans-wake-tei/finnegans-wake.xml","/home/jon/Code/corpus-joyce-finnegans-wake-tei/criticism-analysis/3/ocr/journal-article-10.2307_40206413.txt","3","5","3","2","2637332","14267","[(878877, 879040), (879140, 879358)]","[(2029, 2146), (2163, 2272)]"
"/home/jon/Code/corpus-joyce-finnegans-wake-tei/finnegans-wake-tei/finnegans-wake.xml","/home/jon/Code/corpus-joyce-finnegans-wake-tei/criticism-analysis/3/ocr/journal-article-10.2307_26635176.txt","3","5","3","1","2637332","26062","[(959271, 959432)]","[(23140, 23255)]"
"/home/jon/Code/corpus-joyce-finnegans-wake-tei/finnegans-wake-tei/finnegans-wake.xml","/home/jon/Code/corpus-joyce-finnegans-wake-tei/criticism-analysis/3/ocr/journal-article-10.2307_25476065.txt","3","5","3","1","2637332","26198","[(373268, 373322)]","[(15138, 15192)]"
"/home/jon/Code/corpus-joyce-finnegans-wake-tei/finnegans-wake-tei/finnegans-wake.xml","/home/jon/Code/corpus-joyce-finnegans-wake-tei/criticism-analysis/3/ocr/journal-article-10.2307_44871372.txt","3","5","3","1","2637332","57371","[(117808, 117847)]","[(26691, 26730)]"
"/home/jon/Code/corpus-joyce-finnegans-wake-tei/finnegans-wake-tei/finnegans-wake.xml","/home/jon/Code/corpus-joyce-finnegans-wake-tei/criticism-analysis/3/ocr/journal-article-10.2307_25477071.txt","3","5","3","1","2637332","50234","[(725346, 725395)]","[(23839, 23888)]"
"/home/jon/Code/corpus-joyce-finnegans-wake-tei/finnegans-wake-tei/finnegans-wake.xml","/home/jon/Code/corpus-joyce-finnegans-wake-tei/criticism-analysis/3/ocr/journal-article-10.2307_30244720.txt","3","5","3","1","2637332","53396","[(2567594, 2567758)]","[(34804, 35009)]"
"/home/jon/Code/corpus-joyce-finnegans-wake-tei/finnegans-wake-tei/finnegans-wake.xml","/home/jon/Code/corpus-joyce-finnegans-wake-tei/criticism-analysis/3/ocr/journal-article-10.2307_441652.txt","3","5","3","1","2637332","80346","[(85466, 85627)]","[(75026, 75142)]"
"/home/jon/Code/corpus-joyce-finnegans-wake-tei/finnegans-wake-tei/finnegans-wake.xml","/home/jon/Code/corpus-joyce-finnegans-wake-tei/criticism-analysis/3/ocr/journal-article-10.2979_jmodelite.34.2.154.txt","3","5","3","1","2637332","79557","[(49317, 49366)]","[(39002, 39051)]"
"/home/jon/Code/corpus-joyce-finnegans-wake-tei/finnegans-wake-tei/finnegans-wake.xml","/home/jon/Code/corpus-joyce-finnegans-wake-tei/criticism-analysis/3/ocr/journal-article-10.2307_4335680.txt","3","5","3","1","2637332","21821","[(2636788, 2636837)]","[(10224, 10273)]"
"/home/jon/Code/corpus-joyce-finnegans-wake-tei/finnegans-wake-tei/finnegans-wake.xml","/home/jon/Code/corpus-joyce-finnegans-wake-tei/criticism-analysis/3/ocr/journal-article-10.2307_90011712.txt","3","5","3","1","2637332","47568","[(1809355, 1809522)]","[(35597, 35718)]"
"/home/jon/Code/corpus-joyce-finnegans-wake-tei/finnegans-wake-tei/finnegans-wake.xml","/home/jon/Code/corpus-joyce-finnegans-wake-tei/criticism-analysis/3/ocr/journal-article-10.2307_25571050.txt","3","5","3","1","2637332","58789","[(7648, 7702)]","[(28062, 28116)]"
"/home/jon/Code/corpus-joyce-finnegans-wake-tei/finnegans-wake-tei/finnegans-wake.xml","/home/jon/Code/corpus-joyce-finnegans-wake-tei/criticism-analysis/3/ocr/journal-article-10.2307_25486972.txt","3","5","3","1","2637332","30430","[(663982, 664032)]","[(16643, 16693)]"
"/home/jon/Code/corpus-joyce-finnegans-wake-tei/finnegans-wake-tei/finnegans-wake.xml","/home/jon/Code/corpus-joyce-finnegans-wake-tei/criticism-analysis/3/ocr/journal-article-10.2307_29531344.txt","3","5","3","1","2637332","18557","[(1426362, 1426421)]","[(10912, 10971)]"
"/home/jon/Code/corpus-joyce-finnegans-wake-tei/finnegans-wake-tei/finnegans-wake.xml","/home/jon/Code/corpus-joyce-finnegans-wake-tei/criticism-analysis/3/ocr/journal-article-10.2307_26283671.txt","3","5","3","3","2637332","91479","[(888511, 888703), (981848, 981896), (982104, 982148)]","[(41418, 41527), (83808, 83856), (83934, 83978)]"
"/home/jon/Code/corpus-joyce-finnegans-wake-tei/finnegans-wake-tei/finnegans-wake.xml","/home/jon/Code/corpus-joyce-finnegans-wake-tei/criticism-analysis/3/ocr/book-chapter-10.7591_j.ctt207g6p1.13.txt","3","5","3","2","2637332","93337","[(2352149, 2352312), (2410662, 2410706)]","[(78453, 78571), (84849, 84894)]"
"/home/jon/Code/corpus-joyce-finnegans-wake-tei/finnegans-wake-tei/finnegans-wake.xml","/home/jon/Code/corpus-joyce-finnegans-wake-tei/criticism-analysis/3/ocr/journal-article-10.2307_44871323.txt","3","5","3","1","2637332","32469","[(514825, 514992)]","[(23765, 23886)]"
"/home/jon/Code/corpus-joyce-finnegans-wake-tei/finnegans-wake-tei/finnegans-wake.xml","/home/jon/Code/corpus-joyce-finnegans-wake-tei/criticism-analysis/3/ocr/journal-article-10.2307_44871039.txt","3","5","3","1","2637332","39629","[(341888, 342052)]","[(894, 1014)]"
"/home/jon/Code/corpus-joyce-finnegans-wake-tei/finnegans-wake-tei/finnegans-wake.xml","/home/jon/Code/corpus-joyce-finnegans-wake-tei/criticism-analysis/3/ocr/journal-article-10.2307_25486587.txt","3","5","3","1","2637332","48026","[(1254647, 1254685)]","[(30626, 30664)]"
"/home/jon/Code/corpus-joyce-finnegans-wake-tei/finnegans-wake-tei/finnegans-wake.xml","/home/jon/Code/corpus-joyce-finnegans-wake-tei/criticism-analysis/3/ocr/journal-article-10.2307_44871411.txt","3","5","3","1","2637332","50820","[(226972, 227022)]","[(36942, 36982)]"
"/home/jon/Code/corpus-joyce-finnegans-wake-tei/finnegans-wake-tei/finnegans-wake.xml","/home/jon/Code/corpus-joyce-finnegans-wake-tei/criticism-analysis/3/ocr/journal-article-10.2307_25476066.txt","3","5","3","4","2637332","36334","[(366312, 366355), (373268, 373322), (374143, 374196), (2269376, 2269532)]","[(17335, 17378), (25148, 25199), (25661, 25713), (30717, 30827)]"
"/home/jon/Code/corpus-joyce-finnegans-wake-tei/finnegans-wake-tei/finnegans-wake.xml","/home/jon/Code/corpus-joyce-finnegans-wake-tei/criticism-analysis/3/ocr/journal-article-10.2307_4207493.txt","3","5","3","4","2637332","59524","[(1436252, 1436413), (1447440, 1447595), (1453987, 1454180), (1466710, 1466753)]","[(26266, 26381), (29669, 29778), (37083, 37193), (37782, 37825)]"
"/home/jon/Code/corpus-joyce-finnegans-wake-tei/finnegans-wake-tei/finnegans-wake.xml","/home/jon/Code/corpus-joyce-finnegans-wake-tei/criticism-analysis/3/ocr/journal-article-10.2307_25477706.txt","3","5","3","1","2637332","20867","[(1753564, 1753717)]","[(6535, 6642)]"
"/home/jon/Code/corpus-joyce-finnegans-wake-tei/finnegans-wake-tei/finnegans-wake.xml","/home/jon/Code/corpus-joyce-finnegans-wake-tei/criticism-analysis/3/ocr/journal-article-10.2307_44871367.txt","3","5","3","1","2637332","19734","[(503181, 503321)]","[(11499, 11593)]"
"/home/jon/Code/corpus-joyce-finnegans-wake-tei/finnegans-wake-tei/finnegans-wake.xml","/home/jon/Code/corpus-joyce-finnegans-wake-tei/criticism-analysis/3/ocr/journal-article-10.2307_3831360.txt","3","5","3","1","2637332","61531","[(1753456, 1753614)]","[(33901, 34013)]"
"/home/jon/Code/corpus-joyce-finnegans-wake-tei/finnegans-wake-tei/finnegans-wake.xml","/home/jon/Code/corpus-joyce-finnegans-wake-tei/criticism-analysis/3/ocr/journal-article-10.2307_30059459.txt","3","5","3","1","2637332","20084","[(293524, 293569)]","[(7423, 7468)]"
"/home/jon/Code/corpus-joyce-finnegans-wake-tei/finnegans-wake-tei/finnegans-wake.xml","/home/jon/Code/corpus-joyce-finnegans-wake-tei/criticism-analysis/3/ocr/journal-article-10.2307_26285147.txt","3","5","3","1","2637332","68718","[(1254647, 1254685)]","[(62362, 62400)]"
"/home/jon/Code/corpus-joyce-finnegans-wake-tei/finnegans-wake-tei/finnegans-wake.xml","/home/jon/Code/corpus-joyce-finnegans-wake-tei/criticism-analysis/3/ocr/journal-article-10.2307_25476814.txt","3","5","3","1","2637332","31540","[(2567594, 2567758)]","[(15275, 15808)]"
"/home/jon/Code/corpus-joyce-finnegans-wake-tei/finnegans-wake-tei/finnegans-wake.xml","/home/jon/Code/corpus-joyce-finnegans-wake-tei/criticism-analysis/3/ocr/journal-article-10.2307_26288839.txt","3","5","3","1","2637332","68548","[(688867, 688921)]","[(30896, 30950)]"
"/home/jon/Code/corpus-joyce-finnegans-wake-tei/finnegans-wake-tei/finnegans-wake.xml","/home/jon/Code/corpus-joyce-finnegans-wake-tei/criticism-analysis/3/ocr/journal-article-10.2307_44871384.txt","3","5","3","1","2637332","60767","[(401053, 401215)]","[(51607, 51723)]"
"/home/jon/Code/corpus-joyce-finnegans-wake-tei/finnegans-wake-tei/finnegans-wake.xml","/home/jon/Code/corpus-joyce-finnegans-wake-tei/criticism-analysis/3/ocr/journal-article-10.2307_30100925.txt","3","5","3","1","2637332","44068","[(878989, 879190)]","[(41198, 41313)]"
"/home/jon/Code/corpus-joyce-finnegans-wake-tei/finnegans-wake-tei/finnegans-wake.xml","/home/jon/Code/corpus-joyce-finnegans-wake-tei/criticism-analysis/3/ocr/journal-article-10.2307_44871200.txt","3","5","3","1","2637332","73262","[(243574, 243625)]","[(14432, 14483)]"
"/home/jon/Code/corpus-joyce-finnegans-wake-tei/finnegans-wake-tei/finnegans-wake.xml","/home/jon/Code/corpus-joyce-finnegans-wake-tei/criticism-analysis/3/ocr/journal-article-10.2307_25476176.txt","3","5","3","1","2637332","40188","[(2412447, 2412495)]","[(28260, 28308)]"
"/home/jon/Code/corpus-joyce-finnegans-wake-tei/finnegans-wake-tei/finnegans-wake.xml","/home/jon/Code/corpus-joyce-finnegans-wake-tei/criticism-analysis/3/ocr/journal-article-10.2307_3831170.txt","3","5","3","1","2637332","34823","[(15846, 15901)]","[(7100, 7154)]"
"/home/jon/Code/corpus-joyce-finnegans-wake-tei/finnegans-wake-tei/finnegans-wake.xml","/home/jon/Code/corpus-joyce-finnegans-wake-tei/criticism-analysis/3/ocr/journal-article-10.2307_25487218.txt","3","5","3","1","2637332","32896","[(713709, 713761)]","[(7920, 7972)]"
"/home/jon/Code/corpus-joyce-finnegans-wake-tei/finnegans-wake-tei/finnegans-wake.xml","/home/jon/Code/corpus-joyce-finnegans-wake-tei/criticism-analysis/3/ocr/journal-article-10.2307_44873797.txt","3","5","3","1","2637332","60273","[(373268, 373428)]","[(21551, 21666)]"
"/home/jon/Code/corpus-joyce-finnegans-wake-tei/finnegans-wake-tei/finnegans-wake.xml","/home/jon/Code/corpus-joyce-finnegans-wake-tei/criticism-analysis/3/ocr/journal-article-10.2307_26635938.txt","3","5","3","1","2637332","24295","[(1056702, 1056761)]","[(13612, 13671)]"
"/home/jon/Code/corpus-joyce-finnegans-wake-tei/finnegans-wake-tei/finnegans-wake.xml","/home/jon/Code/corpus-joyce-finnegans-wake-tei/criticism-analysis/3/ocr/journal-article-10.2307_25476735.txt","3","5","3","1","2637332","72625","[(1166769, 1166951)]","[(48429, 48558)]"
"/home/jon/Code/corpus-joyce-finnegans-wake-tei/finnegans-wake-tei/finnegans-wake.xml","/home/jon/Code/corpus-joyce-finnegans-wake-tei/criticism-analysis/3/ocr/journal-article-10.1086_505377.txt","3","5","3","1","2637332","124048","[(503181, 503321)]","[(25865, 25959)]"
"/home/jon/Code/corpus-joyce-finnegans-wake-tei/finnegans-wake-tei/finnegans-wake.xml","/home/jon/Code/corpus-joyce-finnegans-wake-tei/criticism-analysis/3/ocr/journal-article-10.2307_536500.txt","3","5","3","1","2637332","45130","[(540535, 540579)]","[(37813, 37857)]"
"/home/jon/Code/corpus-joyce-finnegans-wake-tei/finnegans-wake-tei/finnegans-wake.xml","/home/jon/Code/corpus-joyce-finnegans-wake-tei/criticism-analysis/3/ocr/journal-article-10.2307_44871307.txt","3","5","3","1","2637332","51550","[(2567594, 2567758)]","[(42005, 42123)]"
"/home/jon/Code/corpus-joyce-finnegans-wake-tei/finnegans-wake-tei/finnegans-wake.xml","/home/jon/Code/corpus-joyce-finnegans-wake-tei/criticism-analysis/3/ocr/journal-article-10.2307_26288776.txt","3","5","3","1","2637332","87104","[(643453, 643501)]","[(20441, 20489)]"
"/home/jon/Code/corpus-joyce-finnegans-wake-tei/finnegans-wake-tei/finnegans-wake.xml","/home/jon/Code/corpus-joyce-finnegans-wake-tei/criticism-analysis/3/ocr/journal-article-10.2307_24598792.txt","3","5","3","3","2637332","58765","[(746575, 746630), (747126, 747285), (747349, 747511)]","[(8967, 9022), (9288, 9401), (9419, 9535)]"
"/home/jon/Code/corpus-joyce-finnegans-wake-tei/finnegans-wake-tei/finnegans-wake.xml","/home/jon/Code/corpus-joyce-finnegans-wake-tei/criticism-analysis/3/ocr/journal-article-10.2307_25485003.txt","3","5","3","1","2637332","53373","[(582324, 582374)]","[(11894, 11944)]"
"/home/jon/Code/corpus-joyce-finnegans-wake-tei/finnegans-wake-tei/finnegans-wake.xml","/home/jon/Code/corpus-joyce-finnegans-wake-tei/criticism-analysis/3/ocr/journal-article-10.2307_3040054.txt","3","5","3","1","2637332","8711","[(812023, 812183)]","[(7736, 7850)]"
"/home/jon/Code/corpus-joyce-finnegans-wake-tei/finnegans-wake-tei/finnegans-wake.xml","/home/jon/Code/corpus-joyce-finnegans-wake-tei/criticism-analysis/3/ocr/journal-article-10.2307_25486596.txt","3","5","3","1","2637332","2469","[(493021, 493135)]","[(218, 286)]"
"/home/jon/Code/corpus-joyce-finnegans-wake-tei/finnegans-wake-tei/finnegans-wake.xml","/home/jon/Code/corpus-joyce-finnegans-wake-tei/criticism-analysis/3/ocr/journal-article-10.2307_44871374.txt","3","5","3","1","2637332","59412","[(503181, 503321)]","[(42344, 42438)]"
"/home/jon/Code/corpus-joyce-finnegans-wake-tei/finnegans-wake-tei/finnegans-wake.xml","/home/jon/Code/corpus-joyce-finnegans-wake-tei/criticism-analysis/3/ocr/journal-article-10.2307_2872551.txt","3","5","3","1","2637332","45962","[(747349, 747511)]","[(32284, 32400)]"
"/home/jon/Code/corpus-joyce-finnegans-wake-tei/finnegans-wake-tei/finnegans-wake.xml","/home/jon/Code/corpus-joyce-finnegans-wake-tei/criticism-analysis/3/ocr/journal-article-10.2307_25487183.txt","3","5","3","1","2637332","113380","[(1734286, 1734545)]","[(83456, 83604)]"
"/home/jon/Code/corpus-joyce-finnegans-wake-tei/finnegans-wake-tei/finnegans-wake.xml","/home/jon/Code/corpus-joyce-finnegans-wake-tei/criticism-analysis/3/ocr/journal-article-10.2307_20776040.txt","3","5","3","1","2637332","38630","[(1601918, 1601973)]","[(18919, 18974)]"
"/home/jon/Code/corpus-joyce-finnegans-wake-tei/finnegans-wake-tei/finnegans-wake.xml","/home/jon/Code/corpus-joyce-finnegans-wake-tei/criticism-analysis/3/ocr/journal-article-10.2307_4610703.txt","3","5","3","1","2637332","86501","[(1865291, 1865452)]","[(75815, 75930)]"
"/home/jon/Code/corpus-joyce-finnegans-wake-tei/finnegans-wake-tei/finnegans-wake.xml","/home/jon/Code/corpus-joyce-finnegans-wake-tei/criticism-analysis/3/ocr/journal-article-10.2307_24598778.txt","3","5","3","1","2637332","53964","[(582324, 582374)]","[(12165, 12215)]"
"/home/jon/Code/corpus-joyce-finnegans-wake-tei/finnegans-wake-tei/finnegans-wake.xml","/home/jon/Code/corpus-joyce-finnegans-wake-tei/criticism-analysis/3/ocr/journal-article-10.2307_25112401.txt","3","5","3","2","2637332","48787","[(371006, 371047), (373268, 373428)]","[(14155, 14196), (14484, 14599)]"
"/home/jon/Code/corpus-joyce-finnegans-wake-tei/finnegans-wake-tei/finnegans-wake.xml","/home/jon/Code/corpus-joyce-finnegans-wake-tei/criticism-analysis/3/ocr/journal-article-10.2307_25473840.txt","3","5","3","1","2637332","41081","[(133525, 133567)]","[(12157, 12199)]"
"/home/jon/Code/corpus-joyce-finnegans-wake-tei/finnegans-wake-tei/finnegans-wake.xml","/home/jon/Code/corpus-joyce-finnegans-wake-tei/criticism-analysis/3/ocr/journal-article-10.2307_2871822.txt","3","5","3","1","2637332","51597","[(759819, 759972)]","[(27152, 27259)]"
"/home/jon/Code/corpus-joyce-finnegans-wake-tei/finnegans-wake-tei/finnegans-wake.xml","/home/jon/Code/corpus-joyce-finnegans-wake-tei/criticism-analysis/3/ocr/journal-article-10.2307_44871325.txt","3","5","3","1","2637332","38980","[(1685874, 1686025)]","[(26070, 26175)]"
"/home/jon/Code/corpus-joyce-finnegans-wake-tei/finnegans-wake-tei/finnegans-wake.xml","/home/jon/Code/corpus-joyce-finnegans-wake-tei/criticism-analysis/3/ocr/journal-article-10.2307_3831076.txt","3","5","3","1","2637332","79752","[(567528, 567582)]","[(7026, 7081)]"
"/home/jon/Code/corpus-joyce-finnegans-wake-tei/finnegans-wake-tei/finnegans-wake.xml","/home/jon/Code/corpus-joyce-finnegans-wake-tei/criticism-analysis/3/ocr/journal-article-10.2307_20078136.txt","3","5","3","1","2637332","61468","[(2635582, 2635624)]","[(46166, 46208)]"
"/home/jon/Code/corpus-joyce-finnegans-wake-tei/finnegans-wake-tei/finnegans-wake.xml","/home/jon/Code/corpus-joyce-finnegans-wake-tei/criticism-analysis/3/ocr/journal-article-10.2307_3171026.txt","3","5","3","3","2637332","23577","[(746575, 746630), (747126, 747285), (747349, 747511)]","[(11237, 11292), (11558, 11671), (11689, 11805)]"
"/home/jon/Code/corpus-joyce-finnegans-wake-tei/finnegans-wake-tei/finnegans-wake.xml","/home/jon/Code/corpus-joyce-finnegans-wake-tei/criticism-analysis/3/ocr/journal-article-10.2307_25478021.txt","3","5","3","1","2637332","32208","[(1861796, 1861942)]","[(12808, 12907)]"
"/home/jon/Code/corpus-joyce-finnegans-wake-tei/finnegans-wake-tei/finnegans-wake.xml","/home/jon/Code/corpus-joyce-finnegans-wake-tei/criticism-analysis/3/ocr/journal-article-10.2307_42946244.txt","3","5","3","1","2637332","71154","[(57102, 57152)]","[(165, 215)]"
"/home/jon/Code/corpus-joyce-finnegans-wake-tei/finnegans-wake-tei/finnegans-wake.xml","/home/jon/Code/corpus-joyce-finnegans-wake-tei/criticism-analysis/3/ocr/journal-article-10.2307_24598574.txt","3","5","3","1","2637332","50013","[(503181, 503321)]","[(34645, 34738)]"
"/home/jon/Code/corpus-joyce-finnegans-wake-tei/finnegans-wake-tei/finnegans-wake.xml","/home/jon/Code/corpus-joyce-finnegans-wake-tei/criticism-analysis/3/ocr/journal-article-10.2307_44871103.txt","3","5","3","1","2637332","65995","[(2009358, 2009512)]","[(65488, 65596)]"
"/home/jon/Code/corpus-joyce-finnegans-wake-tei/finnegans-wake-tei/finnegans-wake.xml","/home/jon/Code/corpus-joyce-finnegans-wake-tei/criticism-analysis/3/ocr/journal-article-10.2307_26421743.txt","3","5","3","1","2637332","48810","[(117808, 117847)]","[(20340, 20380)]"
"/home/jon/Code/corpus-joyce-finnegans-wake-tei/finnegans-wake-tei/finnegans-wake.xml","/home/jon/Code/corpus-joyce-finnegans-wake-tei/criticism-analysis/3/ocr/journal-article-10.2307_26283659.txt","3","5","3","1","2637332","79289","[(1207543, 1207607)]","[(20152, 20216)]"
"/home/jon/Code/corpus-joyce-finnegans-wake-tei/finnegans-wake-tei/finnegans-wake.xml","/home/jon/Code/corpus-joyce-finnegans-wake-tei/criticism-analysis/3/ocr/journal-article-10.2307_3831701.txt","3","5","3","1","2637332","68024","[(2635582, 2635624)]","[(30141, 30183)]"
"/home/jon/Code/corpus-joyce-finnegans-wake-tei/finnegans-wake-tei/finnegans-wake.xml","/home/jon/Code/corpus-joyce-finnegans-wake-tei/criticism-analysis/3/ocr/journal-article-10.2307_461052.txt","3","5","3","2","2637332","34487","[(131660, 131709), (749269, 749440)]","[(24189, 24238), (31968, 32093)]"
"/home/jon/Code/corpus-joyce-finnegans-wake-tei/finnegans-wake-tei/finnegans-wake.xml","/home/jon/Code/corpus-joyce-finnegans-wake-tei/criticism-analysis/3/ocr/journal-article-10.7723_antiochreview.71.2.0348.txt","3","5","3","1","2637332","88007","[(1865291, 1865452)]","[(76741, 76858)]"
